{
  "tree": "input/trees/CC8.phyjson",
  "λ_k": 1,
  "λ_θ": 1,
  "ε_min": 0,
  "ε_max": 1,
  "σ2_α": 1,
  "σ2_β": 0.2,
  "η_k": 1,
  "η_θ": 0.033358432162094706,
  "z_σ2": 0.0025,
  "ρ": 0.6647727272727273
}